<?xml version="1.0" encoding="UTF-8"?>  
<beans  
    xmlns="http://www.springframework.org/schema/beans"  
    xmlns:xsi="http://www.w3.org/2001/XMLSchema-instance"  
    xmlns:p="http://www.springframework.org/schema/p"  
    xsi:schemaLocation="http://www.springframework.org/schema/beans  
               http://www.springframework.org/schema/beans/spring-beans-3.0.xsd">  
  
<bean id="id1" class="org.springframework.jdbc.datasource.DriverManagerDataSource">  
<property name="driverClassName" value="com.mysql.jdbc.Driver" />  
<property name="url" value="jdbc:mysql://localhost:3306/employee" />  
<property name="username" value="root" />  
<property name="password" value="root" />   
</bean>  

<bean id="id2" class="org.springframework.jdbc.core.JdbcTemplate">  
<property name="dataSource" ref="id1"></property>  
</bean>  
  
<bean id="id3" class="EmployeeDAOImpl">  
	<property name="jt" ref="id2"></property>  
</bean>  
<bean id="id4" class="EmployeeService">  
	<property name="dao" ref="id3"></property>  
</bean> 
   
</beans>  