<beans xmlns="http://www.springframework.org/schema/beans"
    xmlns:mvc="http://www.springframework.org/schema/mvc"
	xmlns:context="http://www.springframework.org/schema/context"
	xmlns:xsi="http://www.w3.org/2001/XMLSchema-instance"
	xsi:schemaLocation="
        http://www.springframework.org/schema/beans
        http://www.springframework.org/schema/beans/spring-beans.xsd
        http://www.springframework.org/schema/mvc
        http://www.springframework.org/schema/mvc/spring-mvc.xsd
        http://www.springframework.org/schema/context
        http://www.springframework.org/schema/context/spring-context.xsd">

    <context:component-scan base-package="com.controllerpages" />

    
      <bean  class="org.springframework.web.servlet.view.InternalResourceViewResolver">
      <property name="prefix" value="/WEB-INF/views/" />
      <property name="suffix" value=".jsp" />
   </bean>
 

    
    <bean id="id1" class="org.springframework.jdbc.datasource.DriverManagerDataSource">  
			<property name="driverClassName" value="com.mysql.jdbc.Driver" />  
			<property name="url" value="jdbc:mysql://localhost:3306/studentdemo" />  
			<property name="username" value="root" />  
			<property name="password" value="root" />   
	</bean>  

	<bean id="id2" class="org.springframework.jdbc.core.JdbcTemplate">  
		<property name="dataSource" ref="id1"></property>  
	</bean>  
  
	<bean id="id3" class="com.daoimpl.StudentDaoImpl">  
		<property name="jt">
		<ref bean="id2"></ref>
		</property>  
	</bean>  
	<bean id="id4" class="com.services.StudentService">  
		<property name="stdao">
		<ref bean="id3"></ref>
		 </property>  
	</bean> 

</beans>