<?xml version="1.0" encoding="UTF-8"?>
<beans xmlns="http://www.springframework.org/schema/beans"
	xmlns:xsi="http://www.w3.org/2001/XMLSchema-instance" xmlns:context="http://www.springframework.org/schema/context"
	xmlns:mvc="http://www.springframework.org/schema/mvc" xmlns:p="http://www.springframework.org/schema/p"
	xsi:schemaLocation="http://www.springframework.org/schema/beans http://www.springframework.org/schema/beans/spring-beans-4.0.xsd
		http://www.springframework.org/schema/context http://www.springframework.org/schema/context/spring-context-4.0.xsd
		http://www.springframework.org/schema/mvc http://www.springframework.org/schema/mvc/spring-mvc-4.0.xsd">

	<!-- top enable class internal annotations -->
	<context:annotation-config />
	
	<context:component-scan base-package="com" />
	
	<!-- to enable annotation based handler mapping -->
	<mvc:annotation-driven />
	
	<!-- configure view resolver bean -->
	<bean id="viewResolver"
	class="org.springframework.web.servlet.view.InternalResourceViewResolver"
	p:prefix="/WEB-INF/views/" p:suffix=".jsp"
	p:viewClass="org.springframework.web.servlet.view.JstlView" />



  <!-- 
	<bean id="dao" class="com.daoimpl.StudentDaoImpl">  
	</bean>  
	<bean id="service" class="com.service.impl.StudentServiceImpl">  
		<property name="stdao">
		<ref bean="dao"></ref>
		 </property>  
	</bean>  -->
	


</beans>
